/*
SQLyog Ultimate v11.11 (64 bit)
MySQL - 5.5.5-10.4.24-MariaDB : Database - e_pharma_app
*********************************************************************
*/

/*!40101 SET NAMES utf8 */;

/*!40101 SET SQL_MODE=''*/;

/*!40014 SET @OLD_UNIQUE_CHECKS=@@UNIQUE_CHECKS, UNIQUE_CHECKS=0 */;
/*!40014 SET @OLD_FOREIGN_KEY_CHECKS=@@FOREIGN_KEY_CHECKS, FOREIGN_KEY_CHECKS=0 */;
/*!40101 SET @OLD_SQL_MODE=@@SQL_MODE, SQL_MODE='NO_AUTO_VALUE_ON_ZERO' */;
/*!40111 SET @OLD_SQL_NOTES=@@SQL_NOTES, SQL_NOTES=0 */;
CREATE DATABASE /*!32312 IF NOT EXISTS*/`e_pharma_app` /*!40100 DEFAULT CHARACTER SET utf8 */;

USE `e_pharma_app`;

/*Table structure for table `medicines` */

DROP TABLE IF EXISTS `medicines`;

CREATE TABLE `medicines` (
  `MID` bigint(20) NOT NULL AUTO_INCREMENT,
  `MedicineName` varchar(100) DEFAULT 'Medicine',
  `Price` int(11) DEFAULT 0,
  `UID` bigint(20) DEFAULT 1,
  PRIMARY KEY (`MID`)
) ENGINE=InnoDB AUTO_INCREMENT=14 DEFAULT CHARSET=utf8;

/*Data for the table `medicines` */

insert  into `medicines`(`MID`,`MedicineName`,`Price`,`UID`) values (1,'Crocine',12,4),(2,'Paracetamol',24,4),(3,'Anacin',25,4),(4,'Betasol',25,4),(5,'Asprin',14,4),(6,'Anacin',27,2),(7,'Paracetamol',25,2),(8,'Combiflam',30,4),(10,'Citizyn',20,4),(11,'Recofast',22,4),(12,'Crocine',10,2),(13,'Vitamin D Capsule',255,2);

/*Table structure for table `messages` */

DROP TABLE IF EXISTS `messages`;

CREATE TABLE `messages` (
  `MID` bigint(20) NOT NULL AUTO_INCREMENT,
  `SenderID` bigint(20) DEFAULT 1,
  `RecieverID` bigint(20) DEFAULT 1,
  `Message` varchar(2000) DEFAULT 'Message',
  `MessageDateTime` datetime DEFAULT NULL,
  `Seen` tinyint(1) DEFAULT 0,
  PRIMARY KEY (`MID`)
) ENGINE=InnoDB AUTO_INCREMENT=47 DEFAULT CHARSET=utf8;

/*Data for the table `messages` */

insert  into `messages`(`MID`,`SenderID`,`RecieverID`,`Message`,`MessageDateTime`,`Seen`) values (14,84,80,'Hello','2021-08-08 10:48:08',0),(15,84,80,'Is combiflam available at your shop??','2021-08-08 10:48:26',0),(16,80,84,'Yes','2021-08-08 10:49:03',0),(17,84,80,'Ok thanks','2021-08-08 20:05:59',0),(18,80,84,'Welcome','2021-08-08 20:08:56',0),(21,94,2,'Hello','2022-04-25 22:46:26',0),(22,94,2,'I need some medicine to be delivered at my home','2022-04-25 22:46:55',0),(23,2,94,'Hello Shivam','2022-04-25 22:48:25',0),(24,2,94,'Yes please confirm us the Medicine we will get it delivered on your address','2022-04-25 22:48:51',0),(26,3,2,'Hello','2022-04-26 01:28:54',0),(27,2,3,'Hello Akanksha','2022-04-26 01:29:29',0),(28,3,2,'I want to order medicine from your store 1.crocin 2.Paracetamol','2022-04-26 01:30:50',0),(29,2,3,'How many crocins and how many paracetamol?','2022-04-26 01:31:22',0),(30,2,3,'Paracetamol Rs.25 /- Crocin Rs.10 /- is available','2022-04-26 01:32:38',0),(31,94,2,'I will need Aspirin 1 and Paracetamol 4 packs','2022-04-26 02:24:21',0),(32,3,16,'Hello Doctor','2022-04-26 03:48:56',0),(33,16,3,'Hello Akanksha','2022-04-26 03:49:47',0),(34,3,16,'I needed some help regarding my health as my fever is not going away','2022-04-26 03:50:31',0),(35,16,3,'Have you taken any medicine?','2022-04-26 03:50:42',0),(36,3,16,'Yes, took paracetamol twice for last two days','2022-04-26 03:51:12',0),(37,16,3,'Okay so I would suggest you to make an appointment with me for tomorrow evening','2022-04-26 03:51:39',0),(38,3,16,'Thank You will talk to the reception and will book an appointment','2022-04-26 03:52:08',0),(39,16,3,'You are welcome','2022-04-26 03:52:16',0),(40,3,11,'Hello','2022-04-26 04:11:07',0),(41,11,3,'Hello how can we help you?','2022-04-26 04:11:26',0),(42,3,11,'I want to get an appointment with the General Physician at Hospital','2022-04-26 04:11:53',0),(43,11,3,'Okay you can call us and get Dr.Kamal availability and get appointment','2022-04-26 04:12:30',0),(44,3,11,'Thank You for help','2022-04-26 04:12:47',0),(45,11,3,'You are welcome','2022-04-26 04:12:59',0),(46,1,48,'aa','2023-02-23 09:28:35',0);

/*Table structure for table `orderinfo` */

DROP TABLE IF EXISTS `orderinfo`;

CREATE TABLE `orderinfo` (
  `OID` bigint(20) NOT NULL AUTO_INCREMENT,
  `ProductID` bigint(20) DEFAULT NULL,
  `Quantity` bigint(20) DEFAULT NULL,
  `OrderNumber` bigint(20) DEFAULT NULL,
  `TotalPrice` double DEFAULT NULL,
  PRIMARY KEY (`OID`)
) ENGINE=InnoDB AUTO_INCREMENT=47 DEFAULT CHARSET=utf8;

/*Data for the table `orderinfo` */

insert  into `orderinfo`(`OID`,`ProductID`,`Quantity`,`OrderNumber`,`TotalPrice`) values (1,1,10,1,120),(2,3,3,1,15),(3,4,4,1,100),(4,1,4,2,48),(5,3,3,2,15),(6,6,2,4,22),(7,6,1,5,11),(8,1,1,6,12),(9,6,1,7,11),(10,6,3,8,33),(11,6,5,9,55),(12,6,5,1,55),(13,6,5,1,55),(14,6,5,1,55),(15,6,8,1,88),(16,6,8,1,88),(17,6,1,1,11),(18,6,1,2,11),(19,6,1,3,11),(20,7,1,4,5),(21,7,2,5,10),(22,7,2,6,10),(23,1,3,7,36),(24,3,1,7,5),(25,4,6,7,150),(26,1,1,8,12),(27,2,2,9,48),(28,5,3,9,42),(29,11,1,9,22),(30,1,5,10,60),(31,2,2,10,48),(32,7,2,11,50),(33,13,1,11,255),(34,1,2,12,24),(35,5,1,12,14),(36,10,1,12,20),(37,1,1,13,12),(38,5,1,13,14),(39,1,1,14,12),(40,2,1,14,24),(41,10,1,14,20),(42,5,1,15,14),(43,5,3,16,42),(44,4,1,16,25),(45,5,3,17,42),(46,4,1,17,25);

/*Table structure for table `orders` */

DROP TABLE IF EXISTS `orders`;

CREATE TABLE `orders` (
  `OID` bigint(20) NOT NULL AUTO_INCREMENT,
  `UID` bigint(20) DEFAULT 1,
  `OrderNumber` bigint(20) DEFAULT 1,
  `OrderDate` datetime DEFAULT NULL,
  `BillAmount` double DEFAULT 0,
  `ShopID` bigint(20) DEFAULT 1,
  PRIMARY KEY (`OID`)
) ENGINE=InnoDB AUTO_INCREMENT=18 DEFAULT CHARSET=latin1;

/*Data for the table `orders` */

insert  into `orders`(`OID`,`UID`,`OrderNumber`,`OrderDate`,`BillAmount`,`ShopID`) values (1,61,1,'2021-06-23 21:26:32',11,2),(2,61,2,'2021-06-23 21:27:00',11,2),(3,78,3,'2021-07-18 06:39:40',11,2),(4,60,4,'2021-07-30 01:15:02',5,80),(5,84,5,'2021-08-08 10:40:57',10,80),(6,84,6,'2021-08-08 20:06:20',10,80),(7,1,7,'2021-09-29 09:58:43',191,4),(8,93,8,'2022-04-03 08:55:54',12,4),(9,94,9,'2022-04-25 22:29:05',112,4),(10,3,10,'2022-04-26 01:24:04',108,4),(11,3,11,'2022-04-26 04:03:38',305,2),(12,1,12,'2022-05-06 06:55:20',58,4),(13,1,13,'2022-05-06 06:58:32',26,4),(14,97,14,'2023-03-10 23:32:25',56,4),(15,1,15,'2023-03-25 08:28:31',14,4),(16,1,16,'2023-03-26 06:51:10',67,4),(17,1,17,'2023-03-26 06:51:10',67,4);

/*Table structure for table `users` */

DROP TABLE IF EXISTS `users`;

CREATE TABLE `users` (
  `UID` int(11) NOT NULL AUTO_INCREMENT,
  `UserName` varchar(50) DEFAULT NULL,
  `Email` varchar(50) DEFAULT NULL,
  `PWD` varchar(20) DEFAULT NULL,
  `Mobile` varchar(15) DEFAULT NULL,
  `Address` varchar(200) DEFAULT NULL,
  `Status` varchar(10) DEFAULT 'Pending',
  `Description` varchar(1000) DEFAULT 'No Description',
  `UserType` varchar(10) DEFAULT 'User',
  `CreatedOn` datetime DEFAULT NULL,
  `Services` varchar(1000) DEFAULT NULL,
  `ProfileType` varchar(25) DEFAULT 'User',
  `RegCode` varchar(20) DEFAULT '0000000000',
  PRIMARY KEY (`UID`)
) ENGINE=InnoDB AUTO_INCREMENT=99 DEFAULT CHARSET=utf8;

/*Data for the table `users` */

insert  into `users`(`UID`,`UserName`,`Email`,`PWD`,`Mobile`,`Address`,`Status`,`Description`,`UserType`,`CreatedOn`,`Services`,`ProfileType`,`RegCode`) values (1,'Mukul','admin@gmail.com','aa','8218489222','Amity University Lucknow','Approved','No Description','Admin','2019-03-01 17:21:30','','User','0000000000'),(2,'Shakun Medical Store','shakunmedicals@gmail.com','aa','9335025309','M-10, Gole Market Chowraha, Gole Market, Mahanagar, Lucknow, Uttar Pradesh 226006','Pending','Chemists,Chemist Home Delivery','User','2020-03-28 22:52:42','Pharmacy in Lucknow, Uttar Pradesh','MedicalShop','028056'),(3,'Akanksha Singh','akkux279@gmail.com','aabbcc','9369416628','Lucknow Girls Hostel, Lekhraj, Lucknow 226016','Pending','','User','2020-03-28 22:55:42','','User',''),(4,'Kamla Medical Store','kamlamedicalstore@gmailcom','aa','8853386012','VXJ8, Sarvoday Nagar, Sarvodaya Nagar, Indira Nagar, Lucknow, Uttar Pradesh 226016','Pending','Chemists, Ayurvedic Medicine Shops, Chemist Home Delivery','User','2020-03-29 02:51:42','Pharmacy in Lucknow, Uttar Pradesh','MedicalShop','138652'),(5,'Ananya Singh','ananyasingh@gmailcom','aabbcc','8808793698','D2/24, SBI Rd, Chander Nagar, Alambagh, Lucknow, Uttar Pradesh 226005','Pending','','User','2020-03-29 02:54:58','','User',''),(6,'Dr. LalPath Labs','drlalpathlabs@gmail.com','12345','8948634382','529A/762, U.G.F.-5, Shankarpurwa, Khurram Nagar, Lucknow, Uttar Pradesh 226022','Pending','Pathology, Pathlabs, Diagnostic','User','2020-03-29 07:35:44','Diagnostic Center in Lucknow, Uttar Pradesh','Pathology','012415'),(7,'Oncquest Laboratories Ltd','oncquestlabs@gmail.com','12345','0522-4025351','B-77, United Square, Vibhuti Khand, Gomti Nagar, Lucknow, Uttar Pradesh 226010','Pending','Pathology, Pathlabs, Diagnostic','User','2020-03-29 07:43:50','Diagnostic center in Lucknow, Uttar Pradesh','Pathology','156412'),(8,'Maxx Path Labs','maxxpathlabs@gmailcom','12345','9838178452','8/881/7, Picnic Spot Rd, Matinpurwa, Sector 8, Vikas Nagar, Lucknow, Uttar Pradesh 226022','Pending','Pathology, Pathlabs, Diagnostic','User','2020-03-30 02:48:27','Pathologist in Lucknow, Uttar Pradesh','Pathology','120123'),(9,'Metropolis Healthcare Ltd','metropolishealthcare@gmail.com','12345','9321272713','Plot No 2, 1st Floor, Picnic Spot Rd, Khurram Nagar, Lucknow, Uttar Pradesh 226022','Pending','Pathology, Pathlabs, Diagnostic','User','2020-04-28 07:30:53','Diagnostic center in Lucknow, Uttar Pradesh','Pathology','251234'),(10,'Pathkind Labs','pathkindlabs@gmail.com','12345','9889828407','Chandrakala Tower, Chandrakala tower L.G.F - 1 Khurramnagar ring road, Picnic Spot Rd, Lucknow, Uttar Pradesh 226022','Pending','Pathology, Pathlabs, Diagnostic','User','2020-04-28 00:40:34','Diagnostic center in Lucknow, Uttar Pradesh','Pathology','124131'),(11,'Sadbhawna Hospital & Medical Centre','sadbhawanahospital@gmail.com','ab','7408800215','D-3 Liberty Colony, Kurmanchal Nagar, Sarvodaya Nagar, Lucknow, Uttar Pradesh 226010','Pending','Hospital, Medical Center','User','2020-04-28 01:22:26','Hospital in Lucknow, Uttar Pradesh','Hospital','561201'),(12,'Devishiv Hospital','devishiv@gmail.com','ab','18002748000','Devishiv Hospital B-328, सेक्टर B मार्ग, near Mount, Mahanagar, Lucknow, Uttar Pradesh 226006','Pending','Hospital, Medical Center','User','2020-04-28 01:47:25','Hospital in Lucknow, Uttar Pradesh','Hospital','215423'),(13,'Shalimar Hospital & Trauma Centre','shalimartraumacenter@gmail.com','ab','05222310185','A-989, Captain Aditya Mishra Marg, near Shalimar Chauraha, R.S.A Colony, Block A, Indira Nagar, Lucknow, Uttar Pradesh 226016','Pending','Hospital, Medical Center, Trauma Centre','User','2020-04-29 00:11:47','Hospital in Lucknow, Uttar Pradesh','Hospital','014178'),(14,'Dhanraj Hospital','dhanrajhospital@gmail.com','ab','9898765478','546/517, Mahanagar, Lucknow, Uttar Pradesh 226006','Pending','Hospital, Medical Center','User','2020-04-29 02:46:34','General Hospital in Lucknow, Uttar Pradesh','Hospital','215874'),(15,'Rida Hospital','ridahospital@gmail.com','ab','0522-2335036','301/1, Near KK Palace, Sector 9, Vikas Nagar, Lucknow, Uttar Pradesh 226022','Pending','Hospital, Medical Center','User','2021-04-29 16:12:34','General Hospital in Lucknow, Uttar Pradesh','Hospital','521036'),(16,'Dr. Mohammad Ali','mohammadaliclinic@gmail.com','ac','9876342089','Ghosi Purwa, Liberty Colony Park, Sarvodaya Nagar, Indira Nagar, Lucknow, Uttar Pradesh 226016','Pending','Doctor, Clinic, Medical Help','User','2020-04-30 02:39:35','Doctor in Lucknow, Uttar Pradesh','Doctor','21052368'),(17,'Dr. Kamal Kumar','kamlkumarclinic@gmail.com','ac','8009466623','VXGG, Meena Market, Vikas Bhawan Road, Indira Nagar, Lucknow, Uttar Pradesh 226016','Pending','Doctor, Clinic, Medical Help','User','2020-04-30 04:48:29','Occupational medical physician in Lucknow, Uttar Pradesh','Doctor','32145671'),(18,'Dr. A.K.Joshi','akjoshiclinic@gmail.com','ac','9235463878','VXRF, Picnic Spot Rd, Khurram Nagar, Lucknow, Uttar Pradesh 226022','Pending','Doctor, Clinic, Medical Help','User','2020-04-30 04:48:30','Doctor in Lucknow, Uttar Pradesh','Doctor','25230156'),(19,'Dr. Zeenat','zeenatclinic@gmail.com','ac','9492756483','VXJG, Liberty Colony Park, Sarvodaya Nagar, Indira Nagar, Lucknow, Uttar Pradesh 226015','Pending','Doctor, Clinic, Medical Help','User','2021-05-01 16:14:09','Doctor in Lucknow, Uttar Pradesh','Doctor','20154780'),(20,'Dr. Abhay Srivastava','abhaysrivastavaclinic@gmail.com','ac','9873659274','A-583, Lekh Raj Marg, Block A, Indira Nagar, Lucknow, Uttar Pradesh 226016','Pending','Doctor, Clinic, Medical Help','User','2020-05-01 19:16:39','Doctor in Lucknow, Uttar Pradesh','Doctor','31204570'),(21,'Dr. Arun Sharma','arunsharmaclinic@gmail.com','ac','05222337998','VXF4, Gole Market, Ekta Park, Mahanagar, Lucknow, Uttar Pradesh 226006','Pending','Doctor, Clinic, Medical Help','User','2021-04-26 16:16:51','Doctor in Lucknow, Uttar Pradesh','Doctor','31045789'),(22,'Dr. Naveen','naveenclinic@gmail.com','ac','6393585782','Laxmi market, vikash nagar, near Mama Chauraha, Lucknow, Uttar Pradesh 226022','Pending','Doctor, Clinic, Medical Help','User','2020-05-08 16:17:51','Doctor in Lucknow, Uttar Pradesh','Doctor','21047841'),(23,'Dr. Vijay Prakash','vijayprakashclinic@gmail.com','ac','9415025345','Bhoothnath Crossing, Bhoothnath Crossing, Faizabad Rd, near Bhoothnath Market, Lucknow, Uttar Pradesh 226016','Pending','Doctor, Clinic, Medical Help','User','2020-05-07 16:19:02','Doctor in Lucknow, Uttar Pradesh','Doctor','21041010'),(24,'Dr. R.K.Singh','rksinghclinic@gmail.com','ac','9754354345','B-1057, B Block, Indira Nagar, Lucknow, Uttar Pradesh 226016','Pending','Doctor, Clinic, Medical Help','User','2020-05-13 16:28:07','Doctor in Lucknow, Uttar Pradesh','Doctor','51230120'),(25,'Dr. Neelam Singh','neelamsinghclinic@gmail.com','ac','6734543255','Shop No.C, 377, Faizabad Rd, Sector 18, Indira Nagar, Lucknow, Uttar Pradesh 226016','Pending','Doctor, Clinic, Medical Help','User','2020-05-13 16:29:19','Doctor in Lucknow, Uttar Pradesh','Doctor','21052347'),(26,'Jagrani Hospital','jagranihospital@gmail.com','ab','8960099939','Tedhi Pulia Ring Rd, Adarsh Nagar, Kalyanpur, Lucknow, Uttar Pradesh 226022','Pending','Hospital, Medical Center','User','2020-05-14 16:30:52','General Hospital in Lucknow, Uttar Pradesh','Hospital','161201'),(27,'Midland Healthcare & Research Center','midlandhealthcare@gmail.com','ab','0522-4655555','C-42 & B-55, Mandir Marg, Mahanagar Extension, Mahanagar, Lucknow, Uttar Pradesh 226006','Pending','Hospital, Medical Center, Research Center','User','2020-05-14 18:37:39','Hospital in Lucknow, Uttar Pradesh','Hospital','181243'),(28,'Goel Hospital','goelhospital@gmail.com','ab','9935066999','Goel Plaza, Near Lekhraj Metro Station, Faizabad Rd, Lucknow, Uttar Pradesh 226016','Pending','Hospital, Medical Center, Nursing Home, Trauma Centre, Blood Bank, Dialysis, Gynecologist','User','2020-05-15 16:39:05','Hospital in Lucknow, Uttar Pradesh','Hospital','245102'),(29,'Neera Hospital','neerahospital@gmail.com','ab','9918488444','Aliganj Crossing, B-2, Kursi Rd, Near New Hanuman Mandir, Mahanagar Extension, Lucknow, Uttar Pradesh 226006','Pending','Hospital, Medical Center','User','2020-05-15 16:40:08','Hospital in Lucknow, Uttar Pradesh','Hospital','412012'),(30,'Regency Health Super Speciality Hospital','regencyhealthcare@gmail.com','ab','0522-3503232','Tedhi Pulia Ring Rd, Khurram Nagar, Lucknow, Uttar Pradesh 226022','Pending','Hospital, Medical Center','User','2020-05-15 16:41:07','Hospital in Lucknow, Uttar Pradesh','Hospital','145102'),(31,'India Hospital & Trauma Centre','indiahospital@gmail.com','ab','9119999070','Mangalam Building Near 8, No Chauraha, Nirala Nagar, Lucknow, Uttar Pradesh 226006','Pending','Hospital, Medical Center, Trauma Centre','User','2020-05-16 16:42:06','Hospital in Lucknow, Uttar Pradesh','Hospital','230125'),(32,'Metro Hospital','metrohospital@gmail.com','ab','9854666767','B-1, Kanchana Bihari Marg, Kalyanpur, Lucknow, Uttar Pradesh 226022','Pending','Hospital, Medical Center','User','2020-05-16 16:42:51','General Hospital in Lucknow, Uttar Pradesh','Hospital','210324'),(33,'Manjula Hospital & Trauma Centre','manjulahospital@gmail.com','ab','9838867910','1, Faizabad Road Maruti Puram, Faizabad Rd, Maruti Puram, Ravindra Palli, Lucknow, Uttar Pradesh 226016','Pending','Hospital, Medical Center, Trauma Centre','User','2020-05-16 16:43:56','Hospital in Lucknow, Uttar Pradesh','Hospital','236541'),(34,'Shekhar Hospital','shekharhospital@gmail.com','ab','0522-2352352','VXGP, Church Rd, B Block, Indira Nagar, Lucknow, Uttar Pradesh 226016','Pending','Hospital, Medical Center','User','2020-05-17 16:44:50','Private Hospital in Lucknow, Uttar Pradesh','Hospital','245102'),(35,'Satya Hospital','satyahospital@gmail.com','ab','0522-4024641','VX7M, Vishwas Khand Rd, Vishwas Khand, Gomti Nagar, Lucknow, Uttar Pradesh 226010','Pending','Hospital, Medical Center','User','2020-05-17 16:45:47','General Hospital in Lucknow, Uttar Pradesh','Hospital','214578'),(36,'Kalyan Pathology Clinic','kalyanpathlabs@gmail.com','12345','0522-2346644','Bansal Complex, 1st Floor, Faizabad Rd, Indira Nagar, Lucknow, Uttar Pradesh 226015','Pending','Pathology, Pathlabs, Diagnostic','User','2020-05-18 16:46:40','Pathologist in Lucknow, Uttar Pradesh','Pathology','128879'),(37,'Parakh Pathology & Infertility Lab','parakhpathology@gmail.com','12345','0522-4042635','VXF4, Gole Market, Mahanagar, Lucknow, Uttar Pradesh 226006','Pending','Pathology, Pathlabs, Diagnostic, Infertility Lab','User','2020-05-18 16:49:11','Pathologist in Lucknow, Uttar Pradesh','Pathology','147852'),(38,'Reliable Path Lab','reliablepathlabs@gmail.com','12345','9874120145','2/606, beside Post Office, Shekhupura, Vikas Nagar, Lucknow, Uttar Pradesh 226022','Pending','Pathology, Pathlabs, Diagnostic','User','2020-05-19 16:49:22','Pathologist in Lucknow, Uttar Pradesh','Pathology','102457'),(39,'Pathkind Diagnostics','pathkinddiagnostics@gmail.com','12345','8400540301','Pathkind Labs, Bhootnath, Indira Nagar, Lucknow, Uttar Pradesh 226016','Pending','Pathology, Pathlabs, Diagnostic','User','2020-05-19 16:49:33','Diagnostic Center in Lucknow, Uttar Pradesh','Pathology','156240'),(40,'Micron Pathology','micronlabs@gmail.com','12345','9695859998','VXC9, Dhaal Near Kukrail Bridge, Faizabad Rd, Shakti Nagar, Lucknow, Uttar Pradesh 226016','Pending','Pathology, Pathlabs, Diagnostic','User','2020-05-19 16:51:21','Pathologist in Lucknow, Uttar Pradesh','Pathology','147841'),(41,'Thyrocare Path Lab','thyrocarepathlabs@gmail.com','12345','9741230145','Shop No.902, Lekhraj Khazana, Near HDFC Bank, Kailash Kunj, Block A, Indira Nagar, Lucknow, Uttar Pradesh 226016','Pending','Pathology, Pathlabs, Diagnostic','User','2020-05-20 16:52:34','Pathologist in Lucknow, Uttar Pradesh','Pathology','141021'),(42,'Cure Pathology','curepathology@gmail.com','12345','8090964885','56, Vishnupuri Extention, Church Rd, Aliganj, Lucknow, Uttar Pradesh 226022','Pending','Pathology, Pathlabs, Diagnostic','User','2020-05-20 16:53:38','Pathologist in Lucknow, Uttar Pradesh','Pathology','152146'),(43,'Lifeline Labs','lifelinelabs@gmail.com','12345','8090060400','3/1263, Sector 3, Jankipuram Extension, Lucknow, Uttar Pradesh 226021','Pending','Pathology, Pathlabs, Diagnostic','User','2020-05-21 16:54:29','Diagnostic Center in Uttar Pradesh','Pathology','132124'),(44,'QC Healthcare','qchealthcare@gmail.com','12345','6389777666','B-36, near CMS School, Sector O, Aliganj, Lucknow, Uttar Pradesh 226024','Pending','Pathology, Pathlabs, Diagnostic','User','2020-05-21 16:55:21','Pathologist in Lucknow, Uttar Pradesh','Pathology','178419'),(45,'Nivaran Diagnostic','nivarandiagnostic@gmail.com','12345','9415067276','Hig 91, Aliganj Main Rd, Ekta Vihar, Sector E, Aliganj, Lucknow, Uttar Pradesh 226024','Pending','Pathology, Pathlabs, Diagnostic','User','2020-05-19 16:56:23','Diagnostic Center in Uttar Pradesh','Pathology','184257'),(46,'Chhama Medical Stores','chhamamedicals@gmail.com','aa','7068128103','D-12, Sarvodaya Nagar, Lucknow, Uttar Pradesh 226016','Pending','Chemists,Chemist Home Delivery','User','2020-05-22 16:57:49','Drug store in Lucknow, Uttar Pradesh','MedicalShop','147410'),(47,'Arun Medical Store','arunmedicalstore@gmail.com','aa','0522-2354966','VXJ9, Near Kukrail Bridge, Sarvoday Nagar, Lucknow, Uttar Pradesh 226016','Pending','Chemists,Chemist Home Delivery','User','2020-05-22 16:59:54','Drug store in Lucknow, Uttar Pradesh','MedicalShop','158740'),(48,'Dr. A.V. Mallan & Aruna Medical Store','mallanandarunamedicals@gmail.com','aa','0522-2354966','VXJ9, Sarvoday Nagar, Sarvodaya Nagar, Indira Nagar, Lucknow, Uttar Pradesh 226016','Pending','Chemists,Chemist Home Delivery','User','2020-05-23 17:00:44','Pharmacy in Lucknow, Uttar Pradesh','MedicalShop','167943'),(49,'Raju Medical Store','rajumedicals@gmail.com','aa','8960202967','VXHC, Vikas Bhavan Road, Sarvodaya Nagar, Shakti Nagar, Indira Nagar, Lucknow, Uttar Pradesh 226016','Pending','Chemists,Chemist Home Delivery','User','2020-05-23 17:02:24','Pharmacy in Lucknow, Uttar Pradesh','MedicalShop','164874'),(50,'Aman Medical Shop','amanmedicalstore@gmail.com','aa','9812301478','UGF-2,Sai Complex,Khurram Nagar, Lucknow, Uttar Pradesh 226022','Pending','Chemists,Chemist Home Delivery','User','2020-05-24 17:02:33','Pharmacy in Lucknow, Uttar Pradesh','MedicalShop','169820'),(51,'Indira Nagar Medical Store','indranagarmedicals@gmail.com','aa','9841201476','VXHH, Hanuman Market, B- Block, Amrapali, Amrapali, Hanuman Mandir, Indira Nagar, Lucknow, Uttar Pradesh 226016','Pending','Chemists,Chemist Home Delivery','User','2020-05-24 17:03:26','Pharmacy in Lucknow, Uttar Pradesh','MedicalShop','152340'),(52,'Bayyana','muni@gmail.com','aabbcc','8987667787','address','Pending','','User','2021-06-09 10:16:51','','User',''),(53,'Anupam','hshshs@gmail.com','aabbcc','9650493922','A10 yamuna 110053','Pending','','User','2021-06-08 23:07:54','','User',''),(54,'Akash','shshs@gmail.com','aabbcc','9650493923','A20 yamuna 110053','Pending','','User','2021-06-09 00:57:28','','User',''),(55,'Manya','h@gmail.com','aabbcc','1234567890','A3 yamuna 110053','Pending','','User','2021-06-09 01:00:31','','User',''),(56,'Daniya','h1@gmail.com','aabbcc','1234567891','110053','Pending','','User','2021-06-09 01:02:45','','User',''),(57,'Divisha','h2@gmail.com','aabbcc','123456789','110053','Pending','','User','2021-06-09 01:03:18','','User',''),(58,'Aparna','m@gmail.com','aabbcc','9650493977','Abc 110053','Pending','','User','2021-06-09 01:20:32','','User',''),(59,'B','n@gmail.com','ac','9650493988','Abc 110053','Pending','Doctor, Clinic, Medical Help','User','2021-06-09 01:21:43','Cardiologist','Doctor','13052799'),(60,'Ayushi','a@gmail.com','aabbcc','8744635454','abc, 846001','Pending','','User','2021-06-09 01:33:43','','User',''),(61,'Samriddhi','b@gmail.com','aabbcc','6757834653','sadsa,7584867','Pending','','User','2021-06-09 01:39:08','','User',''),(62,'Shristi','c@gmail.com','aabbcc','9874568764','Abc 846001','Pending','','User','2021-06-09 05:06:32','','User',''),(63,'Pragati','d@gmail.com','aabbcc','9615626363','Abc 846003','Pending','','User','2021-06-09 23:24:47','','User',''),(64,'Purnima','bandooniaryan@gmail.com','aabbcc','8368213028','Vasundhara','Pending','','User','2021-06-17 01:12:02','','User',''),(65,'Wartika','q@gmail.com','aabbcc','8376336374','Abc 846001','Pending','','User','2021-06-18 19:57:41','','User',''),(66,'Pratyush','da@gmail.com','aabbcc','9615626365','Adc','Pending','','User','2021-06-23 01:35:00','','User',''),(67,'Rishabh','doc@gmail.com','aabbcc','8826119993','delhi 110053','Pending','','User','2021-06-23 23:38:15','','User',''),(68,'Aditya','d@gmail.con','aabbcc','9650493921','B10 delhi 110053','Pending','','User','2021-06-23 23:39:20','','User',''),(69,'Utkarsh','natashasharma98.23@gmail.com','aabbcc','8595549312','ABC apartments patparganj Delhi 110092','Pending','','User','2021-06-24 00:38:59','','User',''),(70,'Adarsh','chem@gmail.com','aabbcc','9650493971','Delhi 110053','Pending','','User','2021-06-24 00:40:45','','User',''),(71,'Devish','r@gmail.com','aabbcc','8639274637','Abc Patparganj Delhi 110092','Pending','','User','2021-06-24 00:47:09','','User',''),(72,'Tanishq','rk7rohankashyap68@gmail.com','aabbcc','9582052184','Vasundhara, Ghaziabad, 201012','Pending','','User','2021-06-24 00:49:00','','User',''),(74,'Mohit','doctor@gmail.com','ac','8787878787','Delhi 123456','Pending','Doctor, Clinic, Medical Help','User','2021-06-24 02:08:16','Surgeon','Doctor','25652378'),(75,'Shayama Medical Shop','g@gmail.com','aa','8787878788','Delhi 201010','Pending','Chemists,Chemist Home Delivery','User','2021-06-24 10:12:38','NA','MedicalShop','169652'),(76,'Dr shail Kumari','j@gmail.com','ac','8787878957','Darbhanga 846001','Pending','Doctor, Clinic, Medical Help','User','2021-06-24 10:18:26','NA','Doctor','15478036'),(77,'Dr. Kumudini Jha','k@gmail.com','ac','9939100586','Darbhanga 846001','Pending','Doctor, Clinic, Medical Help','User','2021-07-18 06:30:14','na','Doctor','15478902'),(78,'Priyadarshini','kkomal@gmail.com','aabbcc','7678557548','Darbhanga 846001','Pending','','User','2021-07-18 06:33:01','','User',''),(79,'Dr. Sharaf','sharaf@gmail.com','ac','9863636366','Donar chowk 846001','Pending','Doctor, Clinic, Medical Help','User','2021-07-29 22:47:09','NA','Doctor','15897563'),(80,'Shankar Medico','shan@gmail.com','aa','8666647362','HospitalRoad 846001','Pending','Chemists,Chemist Home Delivery','User','2021-07-29 22:49:36','Na','MedicalShop','158742'),(81,'Modern Pathology Lab & Diagnostic Centre','modernpathlab@gmail.com','12345','9841201456','Landmark, 1/4A, opp. Jaipuria Management College, Vineet Khand, Gomti Nagar, Lucknow, Uttar Pradesh 226010','Pending','Pathology, Pathlabs, Diagnostic','User','2021-07-29 23:01:47','Diagnostic Center in Lucknow, Uttar Pradesh','Pathology','148923'),(82,'Meera Pathology','meerapathlab@gmail.com','12345','0522-4001912','Indira Nagar, Sector 1, Block D, Indira Nagar, Lucknow, Uttar Pradesh 226016','Pending','Pathology, Pathlabs, Diagnostic','User','2021-07-30 21:53:30','Pathologist in Lucknow, Uttar Pradesh','Pathology','245613'),(83,'Hadi','hdhs@gmail.com','aabbcc','8787878782','Abc 110053','Pending','','User','2021-07-30 23:15:48','','User',''),(84,'Akanksha','kkomal1029@gmail.com','aabbcc','7033753378','Darbhanga 846001','Pending','','User','2021-08-08 10:39:15','','User',''),(85,'Dr Awasthi','awathi@gmail.com','ac','9764646262','Darbhanga 846001','Pending','Doctor, Clinic, Medical Help','User','2021-08-08 10:42:24','NA','Doctor','31452301'),(86,'Ram Medical Shop','ram@gmail.com','aa','9734576668','Darbhanga 846001','Pending','Chemists,Chemist Home Delivery','User','2021-08-08 10:43:49','Yes','MedicalShop','145782'),(87,'Advanced Path Lab','advancedpathlab@gmail.com','12345','9415252913','Second Floor,Rahmat Plaza, Infront of Singhal Hardware, Beside One India Family Mart, Tehri Puliya, Vikas Nagar, Lucknow, Uttar Pradesh 226021','Pending','Pathology, Pathlabs, Diagnostic','User','2021-08-08 10:46:32','Diagnostic Center in Lucknow, Uttar Pradesh','Pathology','247810'),(88,'Ananya','hr@gmail.com','aabbcc','9864646732','Delhi 201010','Pending','','User','2021-08-08 20:01:34','','User',''),(89,'Shreya Pathology and Digital X-ray','shreyapathology@gmail.com','12345','0522-4074655','Surya Palace, UGF-6, 16/106, Tedhi Pulia Ring Rd, near Petrol pump, Munshi Pulia, Lucknow, Uttar Pradesh 226016','Pending','Pathology, Pathlabs, Diagnostic, Digital X-Ray','User','2021-08-08 20:02:45','Medical laboratory in Lucknow, Uttar Pradesh','Pathology','24781542'),(90,'Hunar Medical shop','hunar@gmail.com','aa','8664386511','Darbhanga 846001','Pending','Chemists,Chemist Home Delivery','User','2021-08-08 20:03:54','Yes','MedicalShop','214756'),(91,'RML Mehrotra Pathology Pvt. Ltd','merotrapathlab@gmail.com','12345','0522-4034100','171, Daliganj Crossing Rd, Nirala Nagar, Lucknow, Uttar Pradesh 226020','Pending','Pathology, Pathlabs, Diagnostic','User','2021-08-08 20:05:00','Diagnostic Center in Lucknow, Uttar Pradesh','Pathology','102478'),(92,'Sahil','singhannu5476@gmail.com','aabbcc','8874527293','Alok nagar 226022','Pending','','User','2021-11-24 07:14:11','','User',''),(93,'Simran','aditi@gmail.com','aabbcc','8654901230','Delhi','Pending','','User','2022-04-03 08:54:32','','User',''),(94,'Shivam','shivamkumarmall8@gmail.com','aabbcc','9598479906','G-86,LIBERTY COLONY,SARVODAYA NAGAR 226016','Pending','','User','2022-04-03 09:58:13','','User',''),(95,'Brishti Tikadar','brishtitikadar@gmail.com','Brishti@1234','9118923373','226028','Pending','No Description','User','2022-05-04 00:34:39','','User',''),(96,'Testing','test@gmail.com','aa','8998788888','home sweet home','Pending','No Description','User','2022-05-29 19:50:22','','User',''),(97,'Naila','nailawangnoo@gmail.com','wangnoo26','8375069286','Saket 110068','Pending','No Description','User','2023-03-10 23:22:24','','User',''),(98,'Naila','123@gmail.com','123','7654321897','A 63 delhi','Pending','No Description','User','2023-04-11 10:48:01','Child specialist','Pathology','5523');

/*!40101 SET SQL_MODE=@OLD_SQL_MODE */;
/*!40014 SET FOREIGN_KEY_CHECKS=@OLD_FOREIGN_KEY_CHECKS */;
/*!40014 SET UNIQUE_CHECKS=@OLD_UNIQUE_CHECKS */;
/*!40111 SET SQL_NOTES=@OLD_SQL_NOTES */;
